--
-- PostgreSQL database dump
--

-- Dumped from database version 16.4 (Debian 16.4-1.pgdg120+1)
-- Dumped by pg_dump version 16.4 (Debian 16.4-1.pgdg120+1)

SET statement_timeout = 0;
SET lock_timeout = 0;
SET idle_in_transaction_session_timeout = 0;
SET client_encoding = 'UTF8';
SET standard_conforming_strings = on;
SELECT pg_catalog.set_config('search_path', '', false);
SET check_function_bodies = false;
SET xmloption = content;
SET client_min_messages = warning;
SET row_security = off;

SET default_tablespace = '';

SET default_table_access_method = heap;

--
-- Name: DeletedMails; Type: TABLE; Schema: public; Owner: root
--

CREATE TABLE public."DeletedMails" (
    "Id" integer NOT NULL,
    "Sender" text NOT NULL,
    "Subject" text NOT NULL,
    "Body" text NOT NULL,
    "Receiver" text NOT NULL,
    "Date" text NOT NULL,
    "DeletedAt" timestamp with time zone NOT NULL,
    "UserId" integer NOT NULL
);


ALTER TABLE public."DeletedMails" OWNER TO root;

--
-- Name: DeletedMails_Id_seq; Type: SEQUENCE; Schema: public; Owner: root
--

ALTER TABLE public."DeletedMails" ALTER COLUMN "Id" ADD GENERATED BY DEFAULT AS IDENTITY (
    SEQUENCE NAME public."DeletedMails_Id_seq"
    START WITH 1
    INCREMENT BY 1
    NO MINVALUE
    NO MAXVALUE
    CACHE 1
);


--
-- Name: ErrorCorrectionExperimentExecutions; Type: TABLE; Schema: public; Owner: root
--

CREATE TABLE public."ErrorCorrectionExperimentExecutions" (
    "Id" integer NOT NULL,
    "ExperimentTestExecutionId" integer NOT NULL,
    "FailedClicks" integer NOT NULL,
    "ExecutionTime" double precision,
    "NumberClicks" integer,
    "FirstClick" text NOT NULL,
    "TimeToClickOnUndo" integer,
    "ClickedOnUndo" boolean NOT NULL,
    "TaskSuccess" boolean NOT NULL,
    "ClickedOnDeletedItems" boolean NOT NULL,
    "UndoSnackBarPosition" text NOT NULL,
    "CorrectInput" boolean NOT NULL,
    "TimeToClickOnDeletedItems" integer
);


ALTER TABLE public."ErrorCorrectionExperimentExecutions" OWNER TO root;

--
-- Name: ErrorCorrectionExperimentExecutions_Id_seq; Type: SEQUENCE; Schema: public; Owner: root
--

ALTER TABLE public."ErrorCorrectionExperimentExecutions" ALTER COLUMN "Id" ADD GENERATED BY DEFAULT AS IDENTITY (
    SEQUENCE NAME public."ErrorCorrectionExperimentExecutions_Id_seq"
    START WITH 1
    INCREMENT BY 1
    NO MINVALUE
    NO MAXVALUE
    CACHE 1
);


--
-- Name: ExperimentFeedbacks; Type: TABLE; Schema: public; Owner: root
--

CREATE TABLE public."ExperimentFeedbacks" (
    "Id" integer NOT NULL,
    "UserId" integer NOT NULL,
    "Text" text NOT NULL,
    "Consistency" integer NOT NULL,
    "CognitiveStress" integer NOT NULL,
    "Learnability" integer NOT NULL,
    "MentalModel" integer NOT NULL,
    "Understandable" integer NOT NULL,
    "ExperimentTestId" integer NOT NULL
);


ALTER TABLE public."ExperimentFeedbacks" OWNER TO root;

--
-- Name: ExperimentFeedbacks_Id_seq; Type: SEQUENCE; Schema: public; Owner: root
--

ALTER TABLE public."ExperimentFeedbacks" ALTER COLUMN "Id" ADD GENERATED BY DEFAULT AS IDENTITY (
    SEQUENCE NAME public."ExperimentFeedbacks_Id_seq"
    START WITH 1
    INCREMENT BY 1
    NO MINVALUE
    NO MAXVALUE
    CACHE 1
);


--
-- Name: ExperimentSelectionTimes; Type: TABLE; Schema: public; Owner: root
--

CREATE TABLE public."ExperimentSelectionTimes" (
    "Id" integer NOT NULL,
    "Time" integer NOT NULL,
    "ExperimentId" integer NOT NULL,
    "UserId" integer NOT NULL,
    "SettingId" integer
);


ALTER TABLE public."ExperimentSelectionTimes" OWNER TO root;

--
-- Name: ExperimentSelectionTimes_Id_seq; Type: SEQUENCE; Schema: public; Owner: root
--

ALTER TABLE public."ExperimentSelectionTimes" ALTER COLUMN "Id" ADD GENERATED BY DEFAULT AS IDENTITY (
    SEQUENCE NAME public."ExperimentSelectionTimes_Id_seq"
    START WITH 1
    INCREMENT BY 1
    NO MINVALUE
    NO MAXVALUE
    CACHE 1
);


--
-- Name: ExperimentTestExecutions; Type: TABLE; Schema: public; Owner: root
--

CREATE TABLE public."ExperimentTestExecutions" (
    "Id" integer NOT NULL,
    "ExperimentTestId" integer NOT NULL,
    "FinishedExecutionAt" timestamp with time zone,
    "StartedExecutionAt" timestamp with time zone NOT NULL,
    "ExecutionTime" double precision,
    "UserId" integer NOT NULL,
    "State" text NOT NULL,
    "TimeReadingDescription" integer NOT NULL,
    "OpenedDescAt" timestamp with time zone NOT NULL
);


ALTER TABLE public."ExperimentTestExecutions" OWNER TO root;

--
-- Name: ExperimentTestExecutions_Id_seq; Type: SEQUENCE; Schema: public; Owner: root
--

ALTER TABLE public."ExperimentTestExecutions" ALTER COLUMN "Id" ADD GENERATED BY DEFAULT AS IDENTITY (
    SEQUENCE NAME public."ExperimentTestExecutions_Id_seq"
    START WITH 1
    INCREMENT BY 1
    NO MINVALUE
    NO MAXVALUE
    CACHE 1
);


--
-- Name: ExperimentTests; Type: TABLE; Schema: public; Owner: root
--

CREATE TABLE public."ExperimentTests" (
    "Id" integer NOT NULL,
    "Name" text NOT NULL,
    "State" text NOT NULL,
    "Position" integer NOT NULL,
    "EstimatedExecutionTime" integer NOT NULL,
    "Description" text NOT NULL,
    "DetailDescription" text NOT NULL,
    "HeadDetailDescription" text NOT NULL,
    "GoalInstruction" text NOT NULL,
    "ExperimentId" integer NOT NULL,
    "Configuration" text NOT NULL
);


ALTER TABLE public."ExperimentTests" OWNER TO root;

--
-- Name: ExperimentTests_Id_seq; Type: SEQUENCE; Schema: public; Owner: root
--

ALTER TABLE public."ExperimentTests" ALTER COLUMN "Id" ADD GENERATED BY DEFAULT AS IDENTITY (
    SEQUENCE NAME public."ExperimentTests_Id_seq"
    START WITH 1
    INCREMENT BY 1
    NO MINVALUE
    NO MAXVALUE
    CACHE 1
);


--
-- Name: Experiments; Type: TABLE; Schema: public; Owner: root
--

CREATE TABLE public."Experiments" (
    "Id" integer NOT NULL,
    "Name" text NOT NULL,
    "State" text NOT NULL,
    "Position" integer NOT NULL,
    "NumberExperimentTest" integer NOT NULL
);


ALTER TABLE public."Experiments" OWNER TO root;

--
-- Name: Experiments_Id_seq; Type: SEQUENCE; Schema: public; Owner: root
--

ALTER TABLE public."Experiments" ALTER COLUMN "Id" ADD GENERATED BY DEFAULT AS IDENTITY (
    SEQUENCE NAME public."Experiments_Id_seq"
    START WITH 1
    INCREMENT BY 1
    NO MINVALUE
    NO MAXVALUE
    CACHE 1
);


--
-- Name: FittsLawExperimentExecutions; Type: TABLE; Schema: public; Owner: root
--

CREATE TABLE public."FittsLawExperimentExecutions" (
    "Id" integer NOT NULL,
    "ExperimentTestExecutionId" integer NOT NULL,
    "ClickReactionTimes" text NOT NULL,
    "NumberFailedClicks" integer NOT NULL,
    "ExecutionTime" integer NOT NULL,
    "Tasks" text NOT NULL,
    "TaskSuccess" boolean NOT NULL
);


ALTER TABLE public."FittsLawExperimentExecutions" OWNER TO root;

--
-- Name: FittsLawExperimentExecutions_Id_seq; Type: SEQUENCE; Schema: public; Owner: root
--

ALTER TABLE public."FittsLawExperimentExecutions" ALTER COLUMN "Id" ADD GENERATED BY DEFAULT AS IDENTITY (
    SEQUENCE NAME public."FittsLawExperimentExecutions_Id_seq"
    START WITH 1
    INCREMENT BY 1
    NO MINVALUE
    NO MAXVALUE
    CACHE 1
);


--
-- Name: FormAndFeedbackExperimentExecutions; Type: TABLE; Schema: public; Owner: root
--

CREATE TABLE public."FormAndFeedbackExperimentExecutions" (
    "Id" integer NOT NULL,
    "ExperimentTestExecutionId" integer NOT NULL,
    "NumberClicks" integer NOT NULL,
    "ExecutionTime" integer NOT NULL,
    "NumberFormValidations" integer NOT NULL,
    "NumberErrors" integer NOT NULL
);


ALTER TABLE public."FormAndFeedbackExperimentExecutions" OWNER TO root;

--
-- Name: FormAndFeedbackExperimentExecutions_Id_seq; Type: SEQUENCE; Schema: public; Owner: root
--

ALTER TABLE public."FormAndFeedbackExperimentExecutions" ALTER COLUMN "Id" ADD GENERATED BY DEFAULT AS IDENTITY (
    SEQUENCE NAME public."FormAndFeedbackExperimentExecutions_Id_seq"
    START WITH 1
    INCREMENT BY 1
    NO MINVALUE
    NO MAXVALUE
    CACHE 1
);


--
-- Name: HicksLawExperimentExecutions; Type: TABLE; Schema: public; Owner: root
--

CREATE TABLE public."HicksLawExperimentExecutions" (
    "Id" integer NOT NULL,
    "ExperimentTestExecutionId" integer NOT NULL,
    "CategoryLinkClickDates" text,
    "FailedClicks" integer NOT NULL,
    "ExecutionTime" double precision,
    "NumberClicks" integer,
    "NumberUsedSearchBar" integer,
    "ProductLimit" integer NOT NULL,
    "CategoryLimit" integer NOT NULL,
    "TimeToClickFirstCategoryLink" integer NOT NULL,
    "ClickedOnFilters" boolean NOT NULL,
    "FirstChoiceAt" timestamp with time zone NOT NULL,
    "SecondChoiceAt" timestamp with time zone NOT NULL,
    "ThirdChoiceAt" timestamp with time zone NOT NULL,
    "FirstClick" text NOT NULL,
    "UsedFilters" text NOT NULL
);


ALTER TABLE public."HicksLawExperimentExecutions" OWNER TO root;

--
-- Name: HicksLawExperimentExecutions_Id_seq; Type: SEQUENCE; Schema: public; Owner: root
--

ALTER TABLE public."HicksLawExperimentExecutions" ALTER COLUMN "Id" ADD GENERATED BY DEFAULT AS IDENTITY (
    SEQUENCE NAME public."HicksLawExperimentExecutions_Id_seq"
    START WITH 1
    INCREMENT BY 1
    NO MINVALUE
    NO MAXVALUE
    CACHE 1
);


--
-- Name: KeyPads; Type: TABLE; Schema: public; Owner: root
--

CREATE TABLE public."KeyPads" (
    "Id" integer NOT NULL,
    "KeyPadType" text NOT NULL,
    "Length" integer NOT NULL,
    "Width" integer NOT NULL,
    "Weight" integer NOT NULL,
    "ConnectionType" text NOT NULL,
    "TouchType" text NOT NULL,
    "EnergyType" text NOT NULL,
    "KeyPadLayout" text NOT NULL,
    "SignalTransmission" text NOT NULL,
    "BatteryTime" integer NOT NULL,
    "ProductId" integer NOT NULL,
    "TypeId" integer NOT NULL
);


ALTER TABLE public."KeyPads" OWNER TO root;

--
-- Name: KeyPads_Id_seq; Type: SEQUENCE; Schema: public; Owner: root
--

ALTER TABLE public."KeyPads" ALTER COLUMN "Id" ADD GENERATED BY DEFAULT AS IDENTITY (
    SEQUENCE NAME public."KeyPads_Id_seq"
    START WITH 1
    INCREMENT BY 1
    NO MINVALUE
    NO MAXVALUE
    CACHE 1
);


--
-- Name: Mails; Type: TABLE; Schema: public; Owner: root
--

CREATE TABLE public."Mails" (
    "Id" integer NOT NULL,
    "Sender" text NOT NULL,
    "Subject" text NOT NULL,
    "Body" text NOT NULL,
    "Receiver" text NOT NULL,
    "Date" text NOT NULL
);


ALTER TABLE public."Mails" OWNER TO root;

--
-- Name: Mails_Id_seq; Type: SEQUENCE; Schema: public; Owner: root
--

ALTER TABLE public."Mails" ALTER COLUMN "Id" ADD GENERATED BY DEFAULT AS IDENTITY (
    SEQUENCE NAME public."Mails_Id_seq"
    START WITH 1
    INCREMENT BY 1
    NO MINVALUE
    NO MAXVALUE
    CACHE 1
);


--
-- Name: MentalModelExperimentExecutions; Type: TABLE; Schema: public; Owner: root
--

CREATE TABLE public."MentalModelExperimentExecutions" (
    "Id" integer NOT NULL,
    "ExperimentTestExecutionId" integer NOT NULL,
    "ClickedRoutes" text,
    "FailedClicks" integer NOT NULL,
    "ClickedOnSearchBar" boolean NOT NULL,
    "UsedFilters" character varying(1000),
    "FirstClick" character varying(255) NOT NULL,
    "UsedFilter" boolean NOT NULL,
    "UsedBreadcrumbs" boolean NOT NULL,
    "ExecutionTime" double precision,
    "NumberClicks" integer,
    "NumberUsedSearchBar" integer,
    "TimeToClickFirstCategory" integer,
    "TimeToClickSearchBar" integer,
    "TimeToClickShoppingCart" integer
);


ALTER TABLE public."MentalModelExperimentExecutions" OWNER TO root;

--
-- Name: MentalModelExperimentExecutions_Id_seq; Type: SEQUENCE; Schema: public; Owner: root
--

ALTER TABLE public."MentalModelExperimentExecutions" ALTER COLUMN "Id" ADD GENERATED BY DEFAULT AS IDENTITY (
    SEQUENCE NAME public."MentalModelExperimentExecutions_Id_seq"
    START WITH 1
    INCREMENT BY 1
    NO MINVALUE
    NO MAXVALUE
    CACHE 1
);


--
-- Name: MentalModelNavigationConfigs; Type: TABLE; Schema: public; Owner: root
--

CREATE TABLE public."MentalModelNavigationConfigs" (
    "Id" integer NOT NULL,
    "SearchBarTop" boolean NOT NULL,
    "SearchBarBottom" boolean NOT NULL,
    "NavBarTop" boolean NOT NULL,
    "NavBarBottom" boolean NOT NULL,
    "Filter" boolean NOT NULL,
    "AutoCompleteBottom" boolean NOT NULL,
    "AutoCompleteTop" boolean NOT NULL,
    "ShoppingCartTopLeft" boolean NOT NULL,
    "ShoppingCartTopRight" boolean NOT NULL,
    "ShoppingCartBottomRight" boolean NOT NULL,
    "ShoppingCartBottomLeft" boolean NOT NULL,
    "MegaDropDown" boolean NOT NULL,
    "SideMenuLeft" boolean NOT NULL,
    "SideMenuRight" boolean NOT NULL,
    "UserId" integer NOT NULL,
    "Breadcrumbs" boolean NOT NULL,
    "CreatedAt" timestamp with time zone NOT NULL,
    "ExperimentTestId" integer NOT NULL
);


ALTER TABLE public."MentalModelNavigationConfigs" OWNER TO root;

--
-- Name: MentalModelNavigationConfigs_Id_seq; Type: SEQUENCE; Schema: public; Owner: root
--

ALTER TABLE public."MentalModelNavigationConfigs" ALTER COLUMN "Id" ADD GENERATED BY DEFAULT AS IDENTITY (
    SEQUENCE NAME public."MentalModelNavigationConfigs_Id_seq"
    START WITH 1
    INCREMENT BY 1
    NO MINVALUE
    NO MAXVALUE
    CACHE 1
);


--
-- Name: Mixers; Type: TABLE; Schema: public; Owner: root
--

CREATE TABLE public."Mixers" (
    "Id" integer NOT NULL,
    "Volume" integer NOT NULL,
    "Function" text NOT NULL,
    "Lenght" text NOT NULL,
    "Colr" text NOT NULL,
    "Power" integer NOT NULL,
    "Material" text NOT NULL,
    "OriginCountry" text NOT NULL,
    "ProductId" integer NOT NULL,
    "TypeId" integer NOT NULL
);


ALTER TABLE public."Mixers" OWNER TO root;

--
-- Name: Mixers_Id_seq; Type: SEQUENCE; Schema: public; Owner: root
--

ALTER TABLE public."Mixers" ALTER COLUMN "Id" ADD GENERATED BY DEFAULT AS IDENTITY (
    SEQUENCE NAME public."Mixers_Id_seq"
    START WITH 1
    INCREMENT BY 1
    NO MINVALUE
    NO MAXVALUE
    CACHE 1
);


--
-- Name: NavigationSelections; Type: TABLE; Schema: public; Owner: root
--

CREATE TABLE public."NavigationSelections" (
    "Id" integer NOT NULL,
    "SideNavigationSearchBarTop" boolean NOT NULL,
    "SideNavigationSearchbarBottom" boolean NOT NULL,
    "HorizontalNavigation" boolean NOT NULL,
    "SideNavigationUserInformationTop" boolean NOT NULL,
    "UserId" integer NOT NULL,
    "MegaDropDown" boolean NOT NULL,
    "CreatedAt" timestamp with time zone NOT NULL
);


ALTER TABLE public."NavigationSelections" OWNER TO root;

--
-- Name: NavigationSelections_Id_seq; Type: SEQUENCE; Schema: public; Owner: root
--

ALTER TABLE public."NavigationSelections" ALTER COLUMN "Id" ADD GENERATED BY DEFAULT AS IDENTITY (
    SEQUENCE NAME public."NavigationSelections_Id_seq"
    START WITH 1
    INCREMENT BY 1
    NO MINVALUE
    NO MAXVALUE
    CACHE 1
);


--
-- Name: Notebooks; Type: TABLE; Schema: public; Owner: root
--

CREATE TABLE public."Notebooks" (
    "Id" integer NOT NULL,
    "Arbeitsspeicher" integer NOT NULL,
    "Festplatte" integer NOT NULL,
    "Os" text NOT NULL,
    "KeyPadFormat" text NOT NULL,
    "ProcessorType" text NOT NULL,
    "NumberProcessorCores" integer NOT NULL,
    "GraphicCardModel" text NOT NULL,
    "NumberPerformanceCors" integer NOT NULL,
    "MaxBatteryTime" integer NOT NULL,
    "NumberUsbAdapters" integer NOT NULL,
    "ProductId" integer NOT NULL
);


ALTER TABLE public."Notebooks" OWNER TO root;

--
-- Name: Notebooks_Id_seq; Type: SEQUENCE; Schema: public; Owner: root
--

ALTER TABLE public."Notebooks" ALTER COLUMN "Id" ADD GENERATED BY DEFAULT AS IDENTITY (
    SEQUENCE NAME public."Notebooks_Id_seq"
    START WITH 1
    INCREMENT BY 1
    NO MINVALUE
    NO MAXVALUE
    CACHE 1
);


--
-- Name: PersonalComputers; Type: TABLE; Schema: public; Owner: root
--

CREATE TABLE public."PersonalComputers" (
    "Id" integer NOT NULL,
    "Ram" integer NOT NULL,
    "StorageCapacity" integer NOT NULL,
    "Os" text NOT NULL,
    "KeyPadFormat" text NOT NULL,
    "ProcessorType" text NOT NULL,
    "NumberProcessorCores" integer NOT NULL,
    "GraphicCardModel" text NOT NULL,
    "NumberPerformanceCors" integer NOT NULL,
    "ClockFrequency" real NOT NULL,
    "NumberUsbAdapters" integer NOT NULL,
    "Cache" integer NOT NULL,
    "ProductId" integer NOT NULL,
    "ProductCategory" text NOT NULL,
    "TypeId" integer NOT NULL
);


ALTER TABLE public."PersonalComputers" OWNER TO root;

--
-- Name: PersonalComputers_Id_seq; Type: SEQUENCE; Schema: public; Owner: root
--

ALTER TABLE public."PersonalComputers" ALTER COLUMN "Id" ADD GENERATED BY DEFAULT AS IDENTITY (
    SEQUENCE NAME public."PersonalComputers_Id_seq"
    START WITH 1
    INCREMENT BY 1
    NO MINVALUE
    NO MAXVALUE
    CACHE 1
);


--
-- Name: ProductProperties; Type: TABLE; Schema: public; Owner: root
--

CREATE TABLE public."ProductProperties" (
    "Id" integer NOT NULL,
    "Name" text NOT NULL
);


ALTER TABLE public."ProductProperties" OWNER TO root;

--
-- Name: ProductProperties_Id_seq; Type: SEQUENCE; Schema: public; Owner: root
--

ALTER TABLE public."ProductProperties" ALTER COLUMN "Id" ADD GENERATED BY DEFAULT AS IDENTITY (
    SEQUENCE NAME public."ProductProperties_Id_seq"
    START WITH 1
    INCREMENT BY 1
    NO MINVALUE
    NO MAXVALUE
    CACHE 1
);


--
-- Name: ProductSpecifications; Type: TABLE; Schema: public; Owner: root
--

CREATE TABLE public."ProductSpecifications" (
    "Id" integer NOT NULL,
    "ProductId" integer NOT NULL,
    "ProductPropertyId" integer NOT NULL,
    "Value" text NOT NULL
);


ALTER TABLE public."ProductSpecifications" OWNER TO root;

--
-- Name: ProductSpecifications_Id_seq; Type: SEQUENCE; Schema: public; Owner: root
--

ALTER TABLE public."ProductSpecifications" ALTER COLUMN "Id" ADD GENERATED BY DEFAULT AS IDENTITY (
    SEQUENCE NAME public."ProductSpecifications_Id_seq"
    START WITH 1
    INCREMENT BY 1
    NO MINVALUE
    NO MAXVALUE
    CACHE 1
);


--
-- Name: ProductTypes; Type: TABLE; Schema: public; Owner: root
--

CREATE TABLE public."ProductTypes" (
    "Id" integer NOT NULL,
    "Name" text NOT NULL,
    "ParentTypeId" integer
);


ALTER TABLE public."ProductTypes" OWNER TO root;

--
-- Name: ProductTypes_Id_seq; Type: SEQUENCE; Schema: public; Owner: root
--

ALTER TABLE public."ProductTypes" ALTER COLUMN "Id" ADD GENERATED BY DEFAULT AS IDENTITY (
    SEQUENCE NAME public."ProductTypes_Id_seq"
    START WITH 1
    INCREMENT BY 1
    NO MINVALUE
    NO MAXVALUE
    CACHE 1
);


--
-- Name: Products; Type: TABLE; Schema: public; Owner: root
--

CREATE TABLE public."Products" (
    "Id" integer NOT NULL,
    "Trademark" text NOT NULL,
    "Name" text NOT NULL,
    "Price" real NOT NULL,
    "TypeId" integer NOT NULL
);


ALTER TABLE public."Products" OWNER TO root;

--
-- Name: Products_Id_seq; Type: SEQUENCE; Schema: public; Owner: root
--

ALTER TABLE public."Products" ALTER COLUMN "Id" ADD GENERATED BY DEFAULT AS IDENTITY (
    SEQUENCE NAME public."Products_Id_seq"
    START WITH 1
    INCREMENT BY 1
    NO MINVALUE
    NO MAXVALUE
    CACHE 1
);


--
-- Name: RecallRecognitionExperimentExecutions; Type: TABLE; Schema: public; Owner: root
--

CREATE TABLE public."RecallRecognitionExperimentExecutions" (
    "Id" integer NOT NULL,
    "ExperimentTestExecutionId" integer NOT NULL,
    "CategoryLinkClickDates" text,
    "FailedClicks" integer NOT NULL,
    "ClickedOnSearchBar" boolean NOT NULL,
    "ExecutionTime" double precision,
    "NumberClicks" integer,
    "NumberUsedSearchBar" integer,
    "TimeToClickSearchBar" integer,
    "UsedBreadcrumbs" boolean NOT NULL,
    "TimeToClickFirstCategoryLink" integer
);


ALTER TABLE public."RecallRecognitionExperimentExecutions" OWNER TO root;

--
-- Name: RecallRecognitionExperimentExecutions_Id_seq; Type: SEQUENCE; Schema: public; Owner: root
--

ALTER TABLE public."RecallRecognitionExperimentExecutions" ALTER COLUMN "Id" ADD GENERATED BY DEFAULT AS IDENTITY (
    SEQUENCE NAME public."RecallRecognitionExperimentExecutions_Id_seq"
    START WITH 1
    INCREMENT BY 1
    NO MINVALUE
    NO MAXVALUE
    CACHE 1
);


--
-- Name: RestorffExperimentExecutions; Type: TABLE; Schema: public; Owner: root
--

CREATE TABLE public."RestorffExperimentExecutions" (
    "Id" integer NOT NULL,
    "ExperimentTestExecutionId" integer NOT NULL,
    "ReactionTimes" text NOT NULL,
    "NumberFailedClicks" integer NOT NULL,
    "NumberClicks" integer NOT NULL,
    "ExecutionTime" integer NOT NULL,
    "Tasks" text NOT NULL,
    "NumberDeletedMails" integer NOT NULL
);


ALTER TABLE public."RestorffExperimentExecutions" OWNER TO root;

--
-- Name: RestorffExperimentExecutions_Id_seq; Type: SEQUENCE; Schema: public; Owner: root
--

ALTER TABLE public."RestorffExperimentExecutions" ALTER COLUMN "Id" ADD GENERATED BY DEFAULT AS IDENTITY (
    SEQUENCE NAME public."RestorffExperimentExecutions_Id_seq"
    START WITH 1
    INCREMENT BY 1
    NO MINVALUE
    NO MAXVALUE
    CACHE 1
);


--
-- Name: UserBehaviours; Type: TABLE; Schema: public; Owner: root
--

CREATE TABLE public."UserBehaviours" (
    "Id" integer NOT NULL,
    "ClickedOnHelp" boolean,
    "NumberClickedOnHelp" integer,
    "UserId" integer NOT NULL,
    "ClickedOnSettings" boolean,
    "NumberClickedOnSettings" integer,
    "TimeReadingWelcomeModal" integer,
    "ClickedOnHint" boolean,
    "NumberClickedOnHint" integer,
    "WelcomeModalTipIndex" integer,
    "LastUpdatedAt" timestamp with time zone NOT NULL
);


ALTER TABLE public."UserBehaviours" OWNER TO root;

--
-- Name: UserBehaviours_Id_seq; Type: SEQUENCE; Schema: public; Owner: root
--

ALTER TABLE public."UserBehaviours" ALTER COLUMN "Id" ADD GENERATED BY DEFAULT AS IDENTITY (
    SEQUENCE NAME public."UserBehaviours_Id_seq"
    START WITH 1
    INCREMENT BY 1
    NO MINVALUE
    NO MAXVALUE
    CACHE 1
);


--
-- Name: UserNavigationTimes; Type: TABLE; Schema: public; Owner: root
--

CREATE TABLE public."UserNavigationTimes" (
    "Id" integer NOT NULL,
    "UserId" integer NOT NULL,
    "FromExperimentId" integer,
    "ToExperimentId" integer NOT NULL,
    "FinishedNavigation" timestamp with time zone NOT NULL,
    "StartedNavigation" timestamp with time zone NOT NULL,
    "UserSettingId" integer,
    "NumberClicks" integer NOT NULL
);


ALTER TABLE public."UserNavigationTimes" OWNER TO root;

--
-- Name: UserNavigationTimes_Id_seq; Type: SEQUENCE; Schema: public; Owner: root
--

ALTER TABLE public."UserNavigationTimes" ALTER COLUMN "Id" ADD GENERATED BY DEFAULT AS IDENTITY (
    SEQUENCE NAME public."UserNavigationTimes_Id_seq"
    START WITH 1
    INCREMENT BY 1
    NO MINVALUE
    NO MAXVALUE
    CACHE 1
);


--
-- Name: UserSettings; Type: TABLE; Schema: public; Owner: root
--

CREATE TABLE public."UserSettings" (
    "Id" integer NOT NULL,
    "UserId" integer NOT NULL,
    "ProgressiveVisualizationExperiment" boolean NOT NULL,
    "ProgressiveVisualizationExperimentTest" boolean NOT NULL,
    "AutoStartNextExperiment" boolean NOT NULL,
    "Created" timestamp with time zone NOT NULL
);


ALTER TABLE public."UserSettings" OWNER TO root;

--
-- Name: UserSettings_Id_seq; Type: SEQUENCE; Schema: public; Owner: root
--

ALTER TABLE public."UserSettings" ALTER COLUMN "Id" ADD GENERATED BY DEFAULT AS IDENTITY (
    SEQUENCE NAME public."UserSettings_Id_seq"
    START WITH 1
    INCREMENT BY 1
    NO MINVALUE
    NO MAXVALUE
    CACHE 1
);


--
-- Name: Users; Type: TABLE; Schema: public; Owner: root
--

CREATE TABLE public."Users" (
    "Id" integer NOT NULL,
    "Email" text NOT NULL,
    "Name" text NOT NULL,
    "Prename" text NOT NULL,
    "Group" text NOT NULL,
    "CurrentExperimentPosition" integer NOT NULL,
    "StartedUserExperienceAt" timestamp with time zone,
    "FinishedUserExperienceAt" timestamp with time zone
);


ALTER TABLE public."Users" OWNER TO root;

--
-- Name: Users_Id_seq; Type: SEQUENCE; Schema: public; Owner: root
--

ALTER TABLE public."Users" ALTER COLUMN "Id" ADD GENERATED BY DEFAULT AS IDENTITY (
    SEQUENCE NAME public."Users_Id_seq"
    START WITH 1
    INCREMENT BY 1
    NO MINVALUE
    NO MAXVALUE
    CACHE 1
);


--
-- Name: __EFMigrationsHistory; Type: TABLE; Schema: public; Owner: root
--

CREATE TABLE public."__EFMigrationsHistory" (
    "MigrationId" character varying(150) NOT NULL,
    "ProductVersion" character varying(32) NOT NULL
);


ALTER TABLE public."__EFMigrationsHistory" OWNER TO root;

--
-- Data for Name: DeletedMails; Type: TABLE DATA; Schema: public; Owner: root
--

COPY public."DeletedMails" ("Id", "Sender", "Subject", "Body", "Receiver", "Date", "DeletedAt", "UserId") FROM stdin;
\.


--
-- Data for Name: ErrorCorrectionExperimentExecutions; Type: TABLE DATA; Schema: public; Owner: root
--

COPY public."ErrorCorrectionExperimentExecutions" ("Id", "ExperimentTestExecutionId", "FailedClicks", "ExecutionTime", "NumberClicks", "FirstClick", "TimeToClickOnUndo", "ClickedOnUndo", "TaskSuccess", "ClickedOnDeletedItems", "UndoSnackBarPosition", "CorrectInput", "TimeToClickOnDeletedItems") FROM stdin;
\.


--
-- Data for Name: ExperimentFeedbacks; Type: TABLE DATA; Schema: public; Owner: root
--

COPY public."ExperimentFeedbacks" ("Id", "UserId", "Text", "Consistency", "CognitiveStress", "Learnability", "MentalModel", "Understandable", "ExperimentTestId") FROM stdin;
\.


--
-- Data for Name: ExperimentSelectionTimes; Type: TABLE DATA; Schema: public; Owner: root
--

COPY public."ExperimentSelectionTimes" ("Id", "Time", "ExperimentId", "UserId", "SettingId") FROM stdin;
1	4	1	1	\N
2	2	1	1	\N
\.


--
-- Data for Name: ExperimentTestExecutions; Type: TABLE DATA; Schema: public; Owner: root
--

COPY public."ExperimentTestExecutions" ("Id", "ExperimentTestId", "FinishedExecutionAt", "StartedExecutionAt", "ExecutionTime", "UserId", "State", "TimeReadingDescription", "OpenedDescAt") FROM stdin;
\.


--
-- Data for Name: ExperimentTests; Type: TABLE DATA; Schema: public; Owner: root
--

COPY public."ExperimentTests" ("Id", "Name", "State", "Position", "EstimatedExecutionTime", "Description", "DetailDescription", "HeadDetailDescription", "GoalInstruction", "ExperimentId", "Configuration") FROM stdin;
\.


--
-- Data for Name: Experiments; Type: TABLE DATA; Schema: public; Owner: root
--

COPY public."Experiments" ("Id", "Name", "State", "Position", "NumberExperimentTest") FROM stdin;
1	Erinnern vs. Erkennen	Freigeschaltet	0	4
\.


--
-- Data for Name: FittsLawExperimentExecutions; Type: TABLE DATA; Schema: public; Owner: root
--

COPY public."FittsLawExperimentExecutions" ("Id", "ExperimentTestExecutionId", "ClickReactionTimes", "NumberFailedClicks", "ExecutionTime", "Tasks", "TaskSuccess") FROM stdin;
\.


--
-- Data for Name: FormAndFeedbackExperimentExecutions; Type: TABLE DATA; Schema: public; Owner: root
--

COPY public."FormAndFeedbackExperimentExecutions" ("Id", "ExperimentTestExecutionId", "NumberClicks", "ExecutionTime", "NumberFormValidations", "NumberErrors") FROM stdin;
\.


--
-- Data for Name: HicksLawExperimentExecutions; Type: TABLE DATA; Schema: public; Owner: root
--

COPY public."HicksLawExperimentExecutions" ("Id", "ExperimentTestExecutionId", "CategoryLinkClickDates", "FailedClicks", "ExecutionTime", "NumberClicks", "NumberUsedSearchBar", "ProductLimit", "CategoryLimit", "TimeToClickFirstCategoryLink", "ClickedOnFilters", "FirstChoiceAt", "SecondChoiceAt", "ThirdChoiceAt", "FirstClick", "UsedFilters") FROM stdin;
\.


--
-- Data for Name: KeyPads; Type: TABLE DATA; Schema: public; Owner: root
--

COPY public."KeyPads" ("Id", "KeyPadType", "Length", "Width", "Weight", "ConnectionType", "TouchType", "EnergyType", "KeyPadLayout", "SignalTransmission", "BatteryTime", "ProductId", "TypeId") FROM stdin;
\.


--
-- Data for Name: Mails; Type: TABLE DATA; Schema: public; Owner: root
--

COPY public."Mails" ("Id", "Sender", "Subject", "Body", "Receiver", "Date") FROM stdin;
1	alice@example.com	Meeting Reminder	Don't forget our meeting tomorrow.	bob@example.com	2024-03-10
2	charlie@example.com	Project Update	The project is on track for delivery.	alice@example.com	2024-03-09
3	bob@example.com	Invoice Request	Please send me the latest invoice.	charlie@example.com	2024-03-08
4	david@example.com	Happy Birthday!	Wishing you a great year ahead!	alice@example.com	2024-03-07
5	eve@example.com	Security Alert	Unusual login detected. Please check your account.	bob@example.com	2024-03-06
6	frank@example.com	Dinner Plans	Are we still on for dinner this weekend?	david@example.com	2024-03-05
7	grace@example.com	New Job Offer	Check out this new job opportunity I found.	eve@example.com	2024-03-04
8	alice@example.com	Re: Weekend Trip	Sounds great! Let's finalize the details.	frank@example.com	2024-03-03
9	bob@example.com	Tech Conference	The conference next week looks interesting.	grace@example.com	2024-03-02
10	charlie@example.com	Software Update	New update available. Please review.	eve@example.com	2024-03-01
11	david@example.com	Document Submission	Have you submitted the document yet?	alice@example.com	2024-02-28
12	eve@example.com	Weekend Plans	Want to catch up this weekend?	bob@example.com	2024-02-27
13	frank@example.com	Team Meeting	Agenda for the team meeting is attached.	charlie@example.com	2024-02-26
14	grace@example.com	Feedback Request	Can you review this report and provide feedback?	david@example.com	2024-02-25
15	alice@example.com	Flight Booking	I booked my flight. Let me know your schedule.	eve@example.com	2024-02-24
16	bob@example.com	Training Session	Training session details attached.	frank@example.com	2024-02-23
17	charlie@example.com	Bug Report	A new bug has been found in the system.	grace@example.com	2024-02-22
18	david@example.com	Partnership Inquiry	Let's discuss potential collaboration.	bob@example.com	2024-02-21
19	eve@example.com	Discount Offer	Exclusive discount for our premium members.	alice@example.com	2024-02-20
20	frank@example.com	Job Application	I have applied for the position. Hoping for good news.	charlie@example.com	2024-02-19
21	grace@example.com	Happy New Year!	Wishing you success and happiness this year!	david@example.com	2024-02-18
22	alice@example.com	Subscription Renewal	Your subscription is about to expire. Renew now!	bob@example.com	2024-02-17
\.


--
-- Data for Name: MentalModelExperimentExecutions; Type: TABLE DATA; Schema: public; Owner: root
--

COPY public."MentalModelExperimentExecutions" ("Id", "ExperimentTestExecutionId", "ClickedRoutes", "FailedClicks", "ClickedOnSearchBar", "UsedFilters", "FirstClick", "UsedFilter", "UsedBreadcrumbs", "ExecutionTime", "NumberClicks", "NumberUsedSearchBar", "TimeToClickFirstCategory", "TimeToClickSearchBar", "TimeToClickShoppingCart") FROM stdin;
\.


--
-- Data for Name: MentalModelNavigationConfigs; Type: TABLE DATA; Schema: public; Owner: root
--

COPY public."MentalModelNavigationConfigs" ("Id", "SearchBarTop", "SearchBarBottom", "NavBarTop", "NavBarBottom", "Filter", "AutoCompleteBottom", "AutoCompleteTop", "ShoppingCartTopLeft", "ShoppingCartTopRight", "ShoppingCartBottomRight", "ShoppingCartBottomLeft", "MegaDropDown", "SideMenuLeft", "SideMenuRight", "UserId", "Breadcrumbs", "CreatedAt", "ExperimentTestId") FROM stdin;
\.


--
-- Data for Name: Mixers; Type: TABLE DATA; Schema: public; Owner: root
--

COPY public."Mixers" ("Id", "Volume", "Function", "Lenght", "Colr", "Power", "Material", "OriginCountry", "ProductId", "TypeId") FROM stdin;
\.


--
-- Data for Name: NavigationSelections; Type: TABLE DATA; Schema: public; Owner: root
--

COPY public."NavigationSelections" ("Id", "SideNavigationSearchBarTop", "SideNavigationSearchbarBottom", "HorizontalNavigation", "SideNavigationUserInformationTop", "UserId", "MegaDropDown", "CreatedAt") FROM stdin;
1	f	f	t	f	1	f	2025-04-09 16:56:29.68264+00
\.


--
-- Data for Name: Notebooks; Type: TABLE DATA; Schema: public; Owner: root
--

COPY public."Notebooks" ("Id", "Arbeitsspeicher", "Festplatte", "Os", "KeyPadFormat", "ProcessorType", "NumberProcessorCores", "GraphicCardModel", "NumberPerformanceCors", "MaxBatteryTime", "NumberUsbAdapters", "ProductId") FROM stdin;
\.


--
-- Data for Name: PersonalComputers; Type: TABLE DATA; Schema: public; Owner: root
--

COPY public."PersonalComputers" ("Id", "Ram", "StorageCapacity", "Os", "KeyPadFormat", "ProcessorType", "NumberProcessorCores", "GraphicCardModel", "NumberPerformanceCors", "ClockFrequency", "NumberUsbAdapters", "Cache", "ProductId", "ProductCategory", "TypeId") FROM stdin;
\.


--
-- Data for Name: ProductProperties; Type: TABLE DATA; Schema: public; Owner: root
--

COPY public."ProductProperties" ("Id", "Name") FROM stdin;
1	Arbeitsspeicher
2	Speicherkapazität
3	Betriebssystem
4	Prozessor Familie
\.


--
-- Data for Name: ProductSpecifications; Type: TABLE DATA; Schema: public; Owner: root
--

COPY public."ProductSpecifications" ("Id", "ProductId", "ProductPropertyId", "Value") FROM stdin;
61	1	1	16 GB
62	1	2	512 GB SSD
63	1	3	macOS
64	2	1	32 GB
65	2	2	1 TB SSD
66	2	3	macOS
67	3	1	16 GB
68	3	2	512 GB SSD
69	3	3	macOS
70	4	1	16 GB
71	4	2	1 TB SSD
72	4	3	Windows 11
73	5	1	16 GB
74	5	2	512 GB SSD
75	5	3	Windows 11
76	6	1	32 GB
77	6	2	1 TB SSD
78	6	3	Windows 11
79	7	1	16 GB
80	7	2	1 TB SSD
81	7	3	Windows 11
82	8	1	8 GB
83	8	2	512 GB SSD
84	8	3	Windows 11
85	9	1	16 GB
86	9	2	512 GB SSD
87	9	3	Windows 11
88	10	1	32 GB
89	10	2	1 TB SSD
90	10	3	Windows 11
\.


--
-- Data for Name: ProductTypes; Type: TABLE DATA; Schema: public; Owner: root
--

COPY public."ProductTypes" ("Id", "Name", "ParentTypeId") FROM stdin;
1	IT und Multimedia	\N
2	PC und Notebooks	1
3	Notebook	2
4	PC	2
\.


--
-- Data for Name: Products; Type: TABLE DATA; Schema: public; Owner: root
--

COPY public."Products" ("Id", "Trademark", "Name", "Price", "TypeId") FROM stdin;
14	Dell	Alienware Aurora R15	2899	4
15	Asus	ROG Strix G35	2599	4
16	Acer	Predator Orion 7000	2399	4
17	MSI	MEG Trident X	2099	4
18	Corsair	ONE i300	3499	4
19	Medion	Erazer Engineer X20	1899	4
20	Microsoft	Surface Studio 2+	4199	4
1	Apple	MacBook Pro 14	2135	3
2	Lenovo	ThinkPad X1 Carbon	1899	3
3	HP	Spectre x360	1649	3
4	Dell	XPS 13 Plus	1995	3
5	Asus	ROG Zephyrus G14	1799	3
6	Acer	Swift 5	1399	3
7	Microsoft	Surface Laptop 5	1599	3
8	Razer	Blade 15	2499	3
9	Samsung	Galaxy Book 3 Pro	1749	3
10	MSI	Prestige 14 Evo	1499	3
11	Apple	Mac Studio M2 Ultra	3999	4
12	Lenovo	Legion T7	2499	4
13	HP	OMEN 45L	2299	4
\.


--
-- Data for Name: RecallRecognitionExperimentExecutions; Type: TABLE DATA; Schema: public; Owner: root
--

COPY public."RecallRecognitionExperimentExecutions" ("Id", "ExperimentTestExecutionId", "CategoryLinkClickDates", "FailedClicks", "ClickedOnSearchBar", "ExecutionTime", "NumberClicks", "NumberUsedSearchBar", "TimeToClickSearchBar", "UsedBreadcrumbs", "TimeToClickFirstCategoryLink") FROM stdin;
\.


--
-- Data for Name: RestorffExperimentExecutions; Type: TABLE DATA; Schema: public; Owner: root
--

COPY public."RestorffExperimentExecutions" ("Id", "ExperimentTestExecutionId", "ReactionTimes", "NumberFailedClicks", "NumberClicks", "ExecutionTime", "Tasks", "NumberDeletedMails") FROM stdin;
\.


--
-- Data for Name: UserBehaviours; Type: TABLE DATA; Schema: public; Owner: root
--

COPY public."UserBehaviours" ("Id", "ClickedOnHelp", "NumberClickedOnHelp", "UserId", "ClickedOnSettings", "NumberClickedOnSettings", "TimeReadingWelcomeModal", "ClickedOnHint", "NumberClickedOnHint", "WelcomeModalTipIndex", "LastUpdatedAt") FROM stdin;
2	\N	0	1	\N	0	3	f	0	0	2025-04-09 16:56:34.331+00
\.


--
-- Data for Name: UserNavigationTimes; Type: TABLE DATA; Schema: public; Owner: root
--

COPY public."UserNavigationTimes" ("Id", "UserId", "FromExperimentId", "ToExperimentId", "FinishedNavigation", "StartedNavigation", "UserSettingId", "NumberClicks") FROM stdin;
\.


--
-- Data for Name: UserSettings; Type: TABLE DATA; Schema: public; Owner: root
--

COPY public."UserSettings" ("Id", "UserId", "ProgressiveVisualizationExperiment", "ProgressiveVisualizationExperimentTest", "AutoStartNextExperiment", "Created") FROM stdin;
\.


--
-- Data for Name: Users; Type: TABLE DATA; Schema: public; Owner: root
--

COPY public."Users" ("Id", "Email", "Name", "Prename", "Group", "CurrentExperimentPosition", "StartedUserExperienceAt", "FinishedUserExperienceAt") FROM stdin;
1	romano.brentani@gmail.com	Romano	Brenani	A	0	2025-04-09 17:35:10.291624+00	\N
\.


--
-- Data for Name: __EFMigrationsHistory; Type: TABLE DATA; Schema: public; Owner: root
--

COPY public."__EFMigrationsHistory" ("MigrationId", "ProductVersion") FROM stdin;
20250409163708_InitialCreate	9.0.0
\.


--
-- Name: DeletedMails_Id_seq; Type: SEQUENCE SET; Schema: public; Owner: root
--

SELECT pg_catalog.setval('public."DeletedMails_Id_seq"', 1, false);


--
-- Name: ErrorCorrectionExperimentExecutions_Id_seq; Type: SEQUENCE SET; Schema: public; Owner: root
--

SELECT pg_catalog.setval('public."ErrorCorrectionExperimentExecutions_Id_seq"', 1, false);


--
-- Name: ExperimentFeedbacks_Id_seq; Type: SEQUENCE SET; Schema: public; Owner: root
--

SELECT pg_catalog.setval('public."ExperimentFeedbacks_Id_seq"', 1, false);


--
-- Name: ExperimentSelectionTimes_Id_seq; Type: SEQUENCE SET; Schema: public; Owner: root
--

SELECT pg_catalog.setval('public."ExperimentSelectionTimes_Id_seq"', 2, true);


--
-- Name: ExperimentTestExecutions_Id_seq; Type: SEQUENCE SET; Schema: public; Owner: root
--

SELECT pg_catalog.setval('public."ExperimentTestExecutions_Id_seq"', 1, false);


--
-- Name: ExperimentTests_Id_seq; Type: SEQUENCE SET; Schema: public; Owner: root
--

SELECT pg_catalog.setval('public."ExperimentTests_Id_seq"', 1, false);


--
-- Name: Experiments_Id_seq; Type: SEQUENCE SET; Schema: public; Owner: root
--

SELECT pg_catalog.setval('public."Experiments_Id_seq"', 1, false);


--
-- Name: FittsLawExperimentExecutions_Id_seq; Type: SEQUENCE SET; Schema: public; Owner: root
--

SELECT pg_catalog.setval('public."FittsLawExperimentExecutions_Id_seq"', 1, false);


--
-- Name: FormAndFeedbackExperimentExecutions_Id_seq; Type: SEQUENCE SET; Schema: public; Owner: root
--

SELECT pg_catalog.setval('public."FormAndFeedbackExperimentExecutions_Id_seq"', 1, false);


--
-- Name: HicksLawExperimentExecutions_Id_seq; Type: SEQUENCE SET; Schema: public; Owner: root
--

SELECT pg_catalog.setval('public."HicksLawExperimentExecutions_Id_seq"', 1, false);


--
-- Name: KeyPads_Id_seq; Type: SEQUENCE SET; Schema: public; Owner: root
--

SELECT pg_catalog.setval('public."KeyPads_Id_seq"', 1, false);


--
-- Name: Mails_Id_seq; Type: SEQUENCE SET; Schema: public; Owner: root
--

SELECT pg_catalog.setval('public."Mails_Id_seq"', 1, false);


--
-- Name: MentalModelExperimentExecutions_Id_seq; Type: SEQUENCE SET; Schema: public; Owner: root
--

SELECT pg_catalog.setval('public."MentalModelExperimentExecutions_Id_seq"', 1, false);


--
-- Name: MentalModelNavigationConfigs_Id_seq; Type: SEQUENCE SET; Schema: public; Owner: root
--

SELECT pg_catalog.setval('public."MentalModelNavigationConfigs_Id_seq"', 1, false);


--
-- Name: Mixers_Id_seq; Type: SEQUENCE SET; Schema: public; Owner: root
--

SELECT pg_catalog.setval('public."Mixers_Id_seq"', 1, false);


--
-- Name: NavigationSelections_Id_seq; Type: SEQUENCE SET; Schema: public; Owner: root
--

SELECT pg_catalog.setval('public."NavigationSelections_Id_seq"', 1, true);


--
-- Name: Notebooks_Id_seq; Type: SEQUENCE SET; Schema: public; Owner: root
--

SELECT pg_catalog.setval('public."Notebooks_Id_seq"', 1, false);


--
-- Name: PersonalComputers_Id_seq; Type: SEQUENCE SET; Schema: public; Owner: root
--

SELECT pg_catalog.setval('public."PersonalComputers_Id_seq"', 1, false);


--
-- Name: ProductProperties_Id_seq; Type: SEQUENCE SET; Schema: public; Owner: root
--

SELECT pg_catalog.setval('public."ProductProperties_Id_seq"', 1, false);


--
-- Name: ProductSpecifications_Id_seq; Type: SEQUENCE SET; Schema: public; Owner: root
--

SELECT pg_catalog.setval('public."ProductSpecifications_Id_seq"', 90, true);


--
-- Name: ProductTypes_Id_seq; Type: SEQUENCE SET; Schema: public; Owner: root
--

SELECT pg_catalog.setval('public."ProductTypes_Id_seq"', 1, false);


--
-- Name: Products_Id_seq; Type: SEQUENCE SET; Schema: public; Owner: root
--

SELECT pg_catalog.setval('public."Products_Id_seq"', 32, true);


--
-- Name: RecallRecognitionExperimentExecutions_Id_seq; Type: SEQUENCE SET; Schema: public; Owner: root
--

SELECT pg_catalog.setval('public."RecallRecognitionExperimentExecutions_Id_seq"', 1, false);


--
-- Name: RestorffExperimentExecutions_Id_seq; Type: SEQUENCE SET; Schema: public; Owner: root
--

SELECT pg_catalog.setval('public."RestorffExperimentExecutions_Id_seq"', 1, false);


--
-- Name: UserBehaviours_Id_seq; Type: SEQUENCE SET; Schema: public; Owner: root
--

SELECT pg_catalog.setval('public."UserBehaviours_Id_seq"', 2, true);


--
-- Name: UserNavigationTimes_Id_seq; Type: SEQUENCE SET; Schema: public; Owner: root
--

SELECT pg_catalog.setval('public."UserNavigationTimes_Id_seq"', 1, false);


--
-- Name: UserSettings_Id_seq; Type: SEQUENCE SET; Schema: public; Owner: root
--

SELECT pg_catalog.setval('public."UserSettings_Id_seq"', 1, false);


--
-- Name: Users_Id_seq; Type: SEQUENCE SET; Schema: public; Owner: root
--

SELECT pg_catalog.setval('public."Users_Id_seq"', 1, false);


--
-- Name: DeletedMails PK_DeletedMails; Type: CONSTRAINT; Schema: public; Owner: root
--

ALTER TABLE ONLY public."DeletedMails"
    ADD CONSTRAINT "PK_DeletedMails" PRIMARY KEY ("Id");


--
-- Name: ErrorCorrectionExperimentExecutions PK_ErrorCorrectionExperimentExecutions; Type: CONSTRAINT; Schema: public; Owner: root
--

ALTER TABLE ONLY public."ErrorCorrectionExperimentExecutions"
    ADD CONSTRAINT "PK_ErrorCorrectionExperimentExecutions" PRIMARY KEY ("Id");


--
-- Name: ExperimentFeedbacks PK_ExperimentFeedbacks; Type: CONSTRAINT; Schema: public; Owner: root
--

ALTER TABLE ONLY public."ExperimentFeedbacks"
    ADD CONSTRAINT "PK_ExperimentFeedbacks" PRIMARY KEY ("Id");


--
-- Name: ExperimentSelectionTimes PK_ExperimentSelectionTimes; Type: CONSTRAINT; Schema: public; Owner: root
--

ALTER TABLE ONLY public."ExperimentSelectionTimes"
    ADD CONSTRAINT "PK_ExperimentSelectionTimes" PRIMARY KEY ("Id");


--
-- Name: ExperimentTestExecutions PK_ExperimentTestExecutions; Type: CONSTRAINT; Schema: public; Owner: root
--

ALTER TABLE ONLY public."ExperimentTestExecutions"
    ADD CONSTRAINT "PK_ExperimentTestExecutions" PRIMARY KEY ("Id");


--
-- Name: ExperimentTests PK_ExperimentTests; Type: CONSTRAINT; Schema: public; Owner: root
--

ALTER TABLE ONLY public."ExperimentTests"
    ADD CONSTRAINT "PK_ExperimentTests" PRIMARY KEY ("Id");


--
-- Name: Experiments PK_Experiments; Type: CONSTRAINT; Schema: public; Owner: root
--

ALTER TABLE ONLY public."Experiments"
    ADD CONSTRAINT "PK_Experiments" PRIMARY KEY ("Id");


--
-- Name: FittsLawExperimentExecutions PK_FittsLawExperimentExecutions; Type: CONSTRAINT; Schema: public; Owner: root
--

ALTER TABLE ONLY public."FittsLawExperimentExecutions"
    ADD CONSTRAINT "PK_FittsLawExperimentExecutions" PRIMARY KEY ("Id");


--
-- Name: FormAndFeedbackExperimentExecutions PK_FormAndFeedbackExperimentExecutions; Type: CONSTRAINT; Schema: public; Owner: root
--

ALTER TABLE ONLY public."FormAndFeedbackExperimentExecutions"
    ADD CONSTRAINT "PK_FormAndFeedbackExperimentExecutions" PRIMARY KEY ("Id");


--
-- Name: HicksLawExperimentExecutions PK_HicksLawExperimentExecutions; Type: CONSTRAINT; Schema: public; Owner: root
--

ALTER TABLE ONLY public."HicksLawExperimentExecutions"
    ADD CONSTRAINT "PK_HicksLawExperimentExecutions" PRIMARY KEY ("Id");


--
-- Name: KeyPads PK_KeyPads; Type: CONSTRAINT; Schema: public; Owner: root
--

ALTER TABLE ONLY public."KeyPads"
    ADD CONSTRAINT "PK_KeyPads" PRIMARY KEY ("Id");


--
-- Name: Mails PK_Mails; Type: CONSTRAINT; Schema: public; Owner: root
--

ALTER TABLE ONLY public."Mails"
    ADD CONSTRAINT "PK_Mails" PRIMARY KEY ("Id");


--
-- Name: MentalModelExperimentExecutions PK_MentalModelExperimentExecutions; Type: CONSTRAINT; Schema: public; Owner: root
--

ALTER TABLE ONLY public."MentalModelExperimentExecutions"
    ADD CONSTRAINT "PK_MentalModelExperimentExecutions" PRIMARY KEY ("Id");


--
-- Name: MentalModelNavigationConfigs PK_MentalModelNavigationConfigs; Type: CONSTRAINT; Schema: public; Owner: root
--

ALTER TABLE ONLY public."MentalModelNavigationConfigs"
    ADD CONSTRAINT "PK_MentalModelNavigationConfigs" PRIMARY KEY ("Id");


--
-- Name: Mixers PK_Mixers; Type: CONSTRAINT; Schema: public; Owner: root
--

ALTER TABLE ONLY public."Mixers"
    ADD CONSTRAINT "PK_Mixers" PRIMARY KEY ("Id");


--
-- Name: NavigationSelections PK_NavigationSelections; Type: CONSTRAINT; Schema: public; Owner: root
--

ALTER TABLE ONLY public."NavigationSelections"
    ADD CONSTRAINT "PK_NavigationSelections" PRIMARY KEY ("Id");


--
-- Name: Notebooks PK_Notebooks; Type: CONSTRAINT; Schema: public; Owner: root
--

ALTER TABLE ONLY public."Notebooks"
    ADD CONSTRAINT "PK_Notebooks" PRIMARY KEY ("Id");


--
-- Name: PersonalComputers PK_PersonalComputers; Type: CONSTRAINT; Schema: public; Owner: root
--

ALTER TABLE ONLY public."PersonalComputers"
    ADD CONSTRAINT "PK_PersonalComputers" PRIMARY KEY ("Id");


--
-- Name: ProductProperties PK_ProductProperties; Type: CONSTRAINT; Schema: public; Owner: root
--

ALTER TABLE ONLY public."ProductProperties"
    ADD CONSTRAINT "PK_ProductProperties" PRIMARY KEY ("Id");


--
-- Name: ProductSpecifications PK_ProductSpecifications; Type: CONSTRAINT; Schema: public; Owner: root
--

ALTER TABLE ONLY public."ProductSpecifications"
    ADD CONSTRAINT "PK_ProductSpecifications" PRIMARY KEY ("Id");


--
-- Name: ProductTypes PK_ProductTypes; Type: CONSTRAINT; Schema: public; Owner: root
--

ALTER TABLE ONLY public."ProductTypes"
    ADD CONSTRAINT "PK_ProductTypes" PRIMARY KEY ("Id");


--
-- Name: Products PK_Products; Type: CONSTRAINT; Schema: public; Owner: root
--

ALTER TABLE ONLY public."Products"
    ADD CONSTRAINT "PK_Products" PRIMARY KEY ("Id");


--
-- Name: RecallRecognitionExperimentExecutions PK_RecallRecognitionExperimentExecutions; Type: CONSTRAINT; Schema: public; Owner: root
--

ALTER TABLE ONLY public."RecallRecognitionExperimentExecutions"
    ADD CONSTRAINT "PK_RecallRecognitionExperimentExecutions" PRIMARY KEY ("Id");


--
-- Name: RestorffExperimentExecutions PK_RestorffExperimentExecutions; Type: CONSTRAINT; Schema: public; Owner: root
--

ALTER TABLE ONLY public."RestorffExperimentExecutions"
    ADD CONSTRAINT "PK_RestorffExperimentExecutions" PRIMARY KEY ("Id");


--
-- Name: UserBehaviours PK_UserBehaviours; Type: CONSTRAINT; Schema: public; Owner: root
--

ALTER TABLE ONLY public."UserBehaviours"
    ADD CONSTRAINT "PK_UserBehaviours" PRIMARY KEY ("Id");


--
-- Name: UserNavigationTimes PK_UserNavigationTimes; Type: CONSTRAINT; Schema: public; Owner: root
--

ALTER TABLE ONLY public."UserNavigationTimes"
    ADD CONSTRAINT "PK_UserNavigationTimes" PRIMARY KEY ("Id");


--
-- Name: UserSettings PK_UserSettings; Type: CONSTRAINT; Schema: public; Owner: root
--

ALTER TABLE ONLY public."UserSettings"
    ADD CONSTRAINT "PK_UserSettings" PRIMARY KEY ("Id");


--
-- Name: Users PK_Users; Type: CONSTRAINT; Schema: public; Owner: root
--

ALTER TABLE ONLY public."Users"
    ADD CONSTRAINT "PK_Users" PRIMARY KEY ("Id");


--
-- Name: __EFMigrationsHistory PK___EFMigrationsHistory; Type: CONSTRAINT; Schema: public; Owner: root
--

ALTER TABLE ONLY public."__EFMigrationsHistory"
    ADD CONSTRAINT "PK___EFMigrationsHistory" PRIMARY KEY ("MigrationId");


--
-- Name: IX_DeletedMails_UserId; Type: INDEX; Schema: public; Owner: root
--

CREATE INDEX "IX_DeletedMails_UserId" ON public."DeletedMails" USING btree ("UserId");


--
-- Name: IX_ErrorCorrectionExperimentExecutions_ExperimentTestExecution~; Type: INDEX; Schema: public; Owner: root
--

CREATE INDEX "IX_ErrorCorrectionExperimentExecutions_ExperimentTestExecution~" ON public."ErrorCorrectionExperimentExecutions" USING btree ("ExperimentTestExecutionId");


--
-- Name: IX_ExperimentFeedbacks_ExperimentTestId; Type: INDEX; Schema: public; Owner: root
--

CREATE INDEX "IX_ExperimentFeedbacks_ExperimentTestId" ON public."ExperimentFeedbacks" USING btree ("ExperimentTestId");


--
-- Name: IX_ExperimentFeedbacks_UserId; Type: INDEX; Schema: public; Owner: root
--

CREATE INDEX "IX_ExperimentFeedbacks_UserId" ON public."ExperimentFeedbacks" USING btree ("UserId");


--
-- Name: IX_ExperimentSelectionTimes_ExperimentId; Type: INDEX; Schema: public; Owner: root
--

CREATE INDEX "IX_ExperimentSelectionTimes_ExperimentId" ON public."ExperimentSelectionTimes" USING btree ("ExperimentId");


--
-- Name: IX_ExperimentSelectionTimes_SettingId; Type: INDEX; Schema: public; Owner: root
--

CREATE INDEX "IX_ExperimentSelectionTimes_SettingId" ON public."ExperimentSelectionTimes" USING btree ("SettingId");


--
-- Name: IX_ExperimentSelectionTimes_UserId; Type: INDEX; Schema: public; Owner: root
--

CREATE INDEX "IX_ExperimentSelectionTimes_UserId" ON public."ExperimentSelectionTimes" USING btree ("UserId");


--
-- Name: IX_ExperimentTestExecutions_ExperimentTestId; Type: INDEX; Schema: public; Owner: root
--

CREATE INDEX "IX_ExperimentTestExecutions_ExperimentTestId" ON public."ExperimentTestExecutions" USING btree ("ExperimentTestId");


--
-- Name: IX_ExperimentTestExecutions_UserId; Type: INDEX; Schema: public; Owner: root
--

CREATE INDEX "IX_ExperimentTestExecutions_UserId" ON public."ExperimentTestExecutions" USING btree ("UserId");


--
-- Name: IX_ExperimentTests_ExperimentId; Type: INDEX; Schema: public; Owner: root
--

CREATE INDEX "IX_ExperimentTests_ExperimentId" ON public."ExperimentTests" USING btree ("ExperimentId");


--
-- Name: IX_FittsLawExperimentExecutions_ExperimentTestExecutionId; Type: INDEX; Schema: public; Owner: root
--

CREATE INDEX "IX_FittsLawExperimentExecutions_ExperimentTestExecutionId" ON public."FittsLawExperimentExecutions" USING btree ("ExperimentTestExecutionId");


--
-- Name: IX_FormAndFeedbackExperimentExecutions_ExperimentTestExecution~; Type: INDEX; Schema: public; Owner: root
--

CREATE INDEX "IX_FormAndFeedbackExperimentExecutions_ExperimentTestExecution~" ON public."FormAndFeedbackExperimentExecutions" USING btree ("ExperimentTestExecutionId");


--
-- Name: IX_HicksLawExperimentExecutions_ExperimentTestExecutionId; Type: INDEX; Schema: public; Owner: root
--

CREATE INDEX "IX_HicksLawExperimentExecutions_ExperimentTestExecutionId" ON public."HicksLawExperimentExecutions" USING btree ("ExperimentTestExecutionId");


--
-- Name: IX_KeyPads_ProductId; Type: INDEX; Schema: public; Owner: root
--

CREATE INDEX "IX_KeyPads_ProductId" ON public."KeyPads" USING btree ("ProductId");


--
-- Name: IX_KeyPads_TypeId; Type: INDEX; Schema: public; Owner: root
--

CREATE INDEX "IX_KeyPads_TypeId" ON public."KeyPads" USING btree ("TypeId");


--
-- Name: IX_MentalModelExperimentExecutions_ExperimentTestExecutionId; Type: INDEX; Schema: public; Owner: root
--

CREATE INDEX "IX_MentalModelExperimentExecutions_ExperimentTestExecutionId" ON public."MentalModelExperimentExecutions" USING btree ("ExperimentTestExecutionId");


--
-- Name: IX_Mixers_ProductId; Type: INDEX; Schema: public; Owner: root
--

CREATE INDEX "IX_Mixers_ProductId" ON public."Mixers" USING btree ("ProductId");


--
-- Name: IX_Mixers_TypeId; Type: INDEX; Schema: public; Owner: root
--

CREATE INDEX "IX_Mixers_TypeId" ON public."Mixers" USING btree ("TypeId");


--
-- Name: IX_Notebooks_ProductId; Type: INDEX; Schema: public; Owner: root
--

CREATE INDEX "IX_Notebooks_ProductId" ON public."Notebooks" USING btree ("ProductId");


--
-- Name: IX_PersonalComputers_ProductId; Type: INDEX; Schema: public; Owner: root
--

CREATE INDEX "IX_PersonalComputers_ProductId" ON public."PersonalComputers" USING btree ("ProductId");


--
-- Name: IX_PersonalComputers_TypeId; Type: INDEX; Schema: public; Owner: root
--

CREATE INDEX "IX_PersonalComputers_TypeId" ON public."PersonalComputers" USING btree ("TypeId");


--
-- Name: IX_ProductSpecifications_ProductId; Type: INDEX; Schema: public; Owner: root
--

CREATE INDEX "IX_ProductSpecifications_ProductId" ON public."ProductSpecifications" USING btree ("ProductId");


--
-- Name: IX_ProductSpecifications_ProductPropertyId; Type: INDEX; Schema: public; Owner: root
--

CREATE INDEX "IX_ProductSpecifications_ProductPropertyId" ON public."ProductSpecifications" USING btree ("ProductPropertyId");


--
-- Name: IX_ProductTypes_ParentTypeId; Type: INDEX; Schema: public; Owner: root
--

CREATE INDEX "IX_ProductTypes_ParentTypeId" ON public."ProductTypes" USING btree ("ParentTypeId");


--
-- Name: IX_Products_TypeId; Type: INDEX; Schema: public; Owner: root
--

CREATE INDEX "IX_Products_TypeId" ON public."Products" USING btree ("TypeId");


--
-- Name: IX_RecallRecognitionExperimentExecutions_ExperimentTestExecuti~; Type: INDEX; Schema: public; Owner: root
--

CREATE INDEX "IX_RecallRecognitionExperimentExecutions_ExperimentTestExecuti~" ON public."RecallRecognitionExperimentExecutions" USING btree ("ExperimentTestExecutionId");


--
-- Name: IX_RestorffExperimentExecutions_ExperimentTestExecutionId; Type: INDEX; Schema: public; Owner: root
--

CREATE INDEX "IX_RestorffExperimentExecutions_ExperimentTestExecutionId" ON public."RestorffExperimentExecutions" USING btree ("ExperimentTestExecutionId");


--
-- Name: IX_UserBehaviours_UserId; Type: INDEX; Schema: public; Owner: root
--

CREATE INDEX "IX_UserBehaviours_UserId" ON public."UserBehaviours" USING btree ("UserId");


--
-- Name: IX_UserNavigationTimes_FromExperimentId; Type: INDEX; Schema: public; Owner: root
--

CREATE INDEX "IX_UserNavigationTimes_FromExperimentId" ON public."UserNavigationTimes" USING btree ("FromExperimentId");


--
-- Name: IX_UserNavigationTimes_ToExperimentId; Type: INDEX; Schema: public; Owner: root
--

CREATE INDEX "IX_UserNavigationTimes_ToExperimentId" ON public."UserNavigationTimes" USING btree ("ToExperimentId");


--
-- Name: IX_UserNavigationTimes_UserId; Type: INDEX; Schema: public; Owner: root
--

CREATE INDEX "IX_UserNavigationTimes_UserId" ON public."UserNavigationTimes" USING btree ("UserId");


--
-- Name: IX_UserNavigationTimes_UserSettingId; Type: INDEX; Schema: public; Owner: root
--

CREATE INDEX "IX_UserNavigationTimes_UserSettingId" ON public."UserNavigationTimes" USING btree ("UserSettingId");


--
-- Name: IX_UserSettings_UserId; Type: INDEX; Schema: public; Owner: root
--

CREATE INDEX "IX_UserSettings_UserId" ON public."UserSettings" USING btree ("UserId");


--
-- Name: DeletedMails FK_DeletedMails_Users_UserId; Type: FK CONSTRAINT; Schema: public; Owner: root
--

ALTER TABLE ONLY public."DeletedMails"
    ADD CONSTRAINT "FK_DeletedMails_Users_UserId" FOREIGN KEY ("UserId") REFERENCES public."Users"("Id") ON DELETE CASCADE;


--
-- Name: ErrorCorrectionExperimentExecutions FK_ErrorCorrectionExperimentExecutions_ExperimentTestExecution~; Type: FK CONSTRAINT; Schema: public; Owner: root
--

ALTER TABLE ONLY public."ErrorCorrectionExperimentExecutions"
    ADD CONSTRAINT "FK_ErrorCorrectionExperimentExecutions_ExperimentTestExecution~" FOREIGN KEY ("ExperimentTestExecutionId") REFERENCES public."ExperimentTestExecutions"("Id") ON DELETE CASCADE;


--
-- Name: ExperimentFeedbacks FK_ExperimentFeedbacks_ExperimentTests_ExperimentTestId; Type: FK CONSTRAINT; Schema: public; Owner: root
--

ALTER TABLE ONLY public."ExperimentFeedbacks"
    ADD CONSTRAINT "FK_ExperimentFeedbacks_ExperimentTests_ExperimentTestId" FOREIGN KEY ("ExperimentTestId") REFERENCES public."ExperimentTests"("Id") ON DELETE CASCADE;


--
-- Name: ExperimentFeedbacks FK_ExperimentFeedbacks_Users_UserId; Type: FK CONSTRAINT; Schema: public; Owner: root
--

ALTER TABLE ONLY public."ExperimentFeedbacks"
    ADD CONSTRAINT "FK_ExperimentFeedbacks_Users_UserId" FOREIGN KEY ("UserId") REFERENCES public."Users"("Id") ON DELETE CASCADE;


--
-- Name: ExperimentSelectionTimes FK_ExperimentSelectionTimes_Experiments_ExperimentId; Type: FK CONSTRAINT; Schema: public; Owner: root
--

ALTER TABLE ONLY public."ExperimentSelectionTimes"
    ADD CONSTRAINT "FK_ExperimentSelectionTimes_Experiments_ExperimentId" FOREIGN KEY ("ExperimentId") REFERENCES public."Experiments"("Id") ON DELETE CASCADE;


--
-- Name: ExperimentSelectionTimes FK_ExperimentSelectionTimes_UserSettings_SettingId; Type: FK CONSTRAINT; Schema: public; Owner: root
--

ALTER TABLE ONLY public."ExperimentSelectionTimes"
    ADD CONSTRAINT "FK_ExperimentSelectionTimes_UserSettings_SettingId" FOREIGN KEY ("SettingId") REFERENCES public."UserSettings"("Id");


--
-- Name: ExperimentSelectionTimes FK_ExperimentSelectionTimes_Users_UserId; Type: FK CONSTRAINT; Schema: public; Owner: root
--

ALTER TABLE ONLY public."ExperimentSelectionTimes"
    ADD CONSTRAINT "FK_ExperimentSelectionTimes_Users_UserId" FOREIGN KEY ("UserId") REFERENCES public."Users"("Id") ON DELETE CASCADE;


--
-- Name: ExperimentTestExecutions FK_ExperimentTestExecutions_ExperimentTests_ExperimentTestId; Type: FK CONSTRAINT; Schema: public; Owner: root
--

ALTER TABLE ONLY public."ExperimentTestExecutions"
    ADD CONSTRAINT "FK_ExperimentTestExecutions_ExperimentTests_ExperimentTestId" FOREIGN KEY ("ExperimentTestId") REFERENCES public."ExperimentTests"("Id") ON DELETE CASCADE;


--
-- Name: ExperimentTestExecutions FK_ExperimentTestExecutions_Users_UserId; Type: FK CONSTRAINT; Schema: public; Owner: root
--

ALTER TABLE ONLY public."ExperimentTestExecutions"
    ADD CONSTRAINT "FK_ExperimentTestExecutions_Users_UserId" FOREIGN KEY ("UserId") REFERENCES public."Users"("Id") ON DELETE CASCADE;


--
-- Name: ExperimentTests FK_ExperimentTests_Experiments_ExperimentId; Type: FK CONSTRAINT; Schema: public; Owner: root
--

ALTER TABLE ONLY public."ExperimentTests"
    ADD CONSTRAINT "FK_ExperimentTests_Experiments_ExperimentId" FOREIGN KEY ("ExperimentId") REFERENCES public."Experiments"("Id") ON DELETE CASCADE;


--
-- Name: FittsLawExperimentExecutions FK_FittsLawExperimentExecutions_ExperimentTestExecutions_Exper~; Type: FK CONSTRAINT; Schema: public; Owner: root
--

ALTER TABLE ONLY public."FittsLawExperimentExecutions"
    ADD CONSTRAINT "FK_FittsLawExperimentExecutions_ExperimentTestExecutions_Exper~" FOREIGN KEY ("ExperimentTestExecutionId") REFERENCES public."ExperimentTestExecutions"("Id") ON DELETE CASCADE;


--
-- Name: FormAndFeedbackExperimentExecutions FK_FormAndFeedbackExperimentExecutions_ExperimentTestExecution~; Type: FK CONSTRAINT; Schema: public; Owner: root
--

ALTER TABLE ONLY public."FormAndFeedbackExperimentExecutions"
    ADD CONSTRAINT "FK_FormAndFeedbackExperimentExecutions_ExperimentTestExecution~" FOREIGN KEY ("ExperimentTestExecutionId") REFERENCES public."ExperimentTestExecutions"("Id") ON DELETE CASCADE;


--
-- Name: HicksLawExperimentExecutions FK_HicksLawExperimentExecutions_ExperimentTestExecutions_Exper~; Type: FK CONSTRAINT; Schema: public; Owner: root
--

ALTER TABLE ONLY public."HicksLawExperimentExecutions"
    ADD CONSTRAINT "FK_HicksLawExperimentExecutions_ExperimentTestExecutions_Exper~" FOREIGN KEY ("ExperimentTestExecutionId") REFERENCES public."ExperimentTestExecutions"("Id") ON DELETE CASCADE;


--
-- Name: KeyPads FK_KeyPads_ProductTypes_TypeId; Type: FK CONSTRAINT; Schema: public; Owner: root
--

ALTER TABLE ONLY public."KeyPads"
    ADD CONSTRAINT "FK_KeyPads_ProductTypes_TypeId" FOREIGN KEY ("TypeId") REFERENCES public."ProductTypes"("Id") ON DELETE CASCADE;


--
-- Name: KeyPads FK_KeyPads_Products_ProductId; Type: FK CONSTRAINT; Schema: public; Owner: root
--

ALTER TABLE ONLY public."KeyPads"
    ADD CONSTRAINT "FK_KeyPads_Products_ProductId" FOREIGN KEY ("ProductId") REFERENCES public."Products"("Id") ON DELETE CASCADE;


--
-- Name: MentalModelExperimentExecutions FK_MentalModelExperimentExecutions_ExperimentTestExecutions_Ex~; Type: FK CONSTRAINT; Schema: public; Owner: root
--

ALTER TABLE ONLY public."MentalModelExperimentExecutions"
    ADD CONSTRAINT "FK_MentalModelExperimentExecutions_ExperimentTestExecutions_Ex~" FOREIGN KEY ("ExperimentTestExecutionId") REFERENCES public."ExperimentTestExecutions"("Id") ON DELETE CASCADE;


--
-- Name: Mixers FK_Mixers_ProductTypes_TypeId; Type: FK CONSTRAINT; Schema: public; Owner: root
--

ALTER TABLE ONLY public."Mixers"
    ADD CONSTRAINT "FK_Mixers_ProductTypes_TypeId" FOREIGN KEY ("TypeId") REFERENCES public."ProductTypes"("Id") ON DELETE CASCADE;


--
-- Name: Mixers FK_Mixers_Products_ProductId; Type: FK CONSTRAINT; Schema: public; Owner: root
--

ALTER TABLE ONLY public."Mixers"
    ADD CONSTRAINT "FK_Mixers_Products_ProductId" FOREIGN KEY ("ProductId") REFERENCES public."Products"("Id") ON DELETE CASCADE;


--
-- Name: Notebooks FK_Notebooks_Products_ProductId; Type: FK CONSTRAINT; Schema: public; Owner: root
--

ALTER TABLE ONLY public."Notebooks"
    ADD CONSTRAINT "FK_Notebooks_Products_ProductId" FOREIGN KEY ("ProductId") REFERENCES public."Products"("Id") ON DELETE CASCADE;


--
-- Name: PersonalComputers FK_PersonalComputers_ProductTypes_TypeId; Type: FK CONSTRAINT; Schema: public; Owner: root
--

ALTER TABLE ONLY public."PersonalComputers"
    ADD CONSTRAINT "FK_PersonalComputers_ProductTypes_TypeId" FOREIGN KEY ("TypeId") REFERENCES public."ProductTypes"("Id") ON DELETE CASCADE;


--
-- Name: PersonalComputers FK_PersonalComputers_Products_ProductId; Type: FK CONSTRAINT; Schema: public; Owner: root
--

ALTER TABLE ONLY public."PersonalComputers"
    ADD CONSTRAINT "FK_PersonalComputers_Products_ProductId" FOREIGN KEY ("ProductId") REFERENCES public."Products"("Id") ON DELETE CASCADE;


--
-- Name: ProductSpecifications FK_ProductSpecifications_ProductProperties_ProductPropertyId; Type: FK CONSTRAINT; Schema: public; Owner: root
--

ALTER TABLE ONLY public."ProductSpecifications"
    ADD CONSTRAINT "FK_ProductSpecifications_ProductProperties_ProductPropertyId" FOREIGN KEY ("ProductPropertyId") REFERENCES public."ProductProperties"("Id") ON DELETE CASCADE;


--
-- Name: ProductSpecifications FK_ProductSpecifications_Products_ProductId; Type: FK CONSTRAINT; Schema: public; Owner: root
--

ALTER TABLE ONLY public."ProductSpecifications"
    ADD CONSTRAINT "FK_ProductSpecifications_Products_ProductId" FOREIGN KEY ("ProductId") REFERENCES public."Products"("Id") ON DELETE CASCADE;


--
-- Name: ProductTypes FK_ProductTypes_ProductTypes_ParentTypeId; Type: FK CONSTRAINT; Schema: public; Owner: root
--

ALTER TABLE ONLY public."ProductTypes"
    ADD CONSTRAINT "FK_ProductTypes_ProductTypes_ParentTypeId" FOREIGN KEY ("ParentTypeId") REFERENCES public."ProductTypes"("Id");


--
-- Name: Products FK_Products_ProductTypes_TypeId; Type: FK CONSTRAINT; Schema: public; Owner: root
--

ALTER TABLE ONLY public."Products"
    ADD CONSTRAINT "FK_Products_ProductTypes_TypeId" FOREIGN KEY ("TypeId") REFERENCES public."ProductTypes"("Id") ON DELETE CASCADE;


--
-- Name: RecallRecognitionExperimentExecutions FK_RecallRecognitionExperimentExecutions_ExperimentTestExecuti~; Type: FK CONSTRAINT; Schema: public; Owner: root
--

ALTER TABLE ONLY public."RecallRecognitionExperimentExecutions"
    ADD CONSTRAINT "FK_RecallRecognitionExperimentExecutions_ExperimentTestExecuti~" FOREIGN KEY ("ExperimentTestExecutionId") REFERENCES public."ExperimentTestExecutions"("Id") ON DELETE CASCADE;


--
-- Name: RestorffExperimentExecutions FK_RestorffExperimentExecutions_ExperimentTestExecutions_Exper~; Type: FK CONSTRAINT; Schema: public; Owner: root
--

ALTER TABLE ONLY public."RestorffExperimentExecutions"
    ADD CONSTRAINT "FK_RestorffExperimentExecutions_ExperimentTestExecutions_Exper~" FOREIGN KEY ("ExperimentTestExecutionId") REFERENCES public."ExperimentTestExecutions"("Id") ON DELETE CASCADE;


--
-- Name: UserBehaviours FK_UserBehaviours_Users_UserId; Type: FK CONSTRAINT; Schema: public; Owner: root
--

ALTER TABLE ONLY public."UserBehaviours"
    ADD CONSTRAINT "FK_UserBehaviours_Users_UserId" FOREIGN KEY ("UserId") REFERENCES public."Users"("Id") ON DELETE CASCADE;


--
-- Name: UserNavigationTimes FK_UserNavigationTimes_ExperimentTests_FromExperimentId; Type: FK CONSTRAINT; Schema: public; Owner: root
--

ALTER TABLE ONLY public."UserNavigationTimes"
    ADD CONSTRAINT "FK_UserNavigationTimes_ExperimentTests_FromExperimentId" FOREIGN KEY ("FromExperimentId") REFERENCES public."ExperimentTests"("Id");


--
-- Name: UserNavigationTimes FK_UserNavigationTimes_ExperimentTests_ToExperimentId; Type: FK CONSTRAINT; Schema: public; Owner: root
--

ALTER TABLE ONLY public."UserNavigationTimes"
    ADD CONSTRAINT "FK_UserNavigationTimes_ExperimentTests_ToExperimentId" FOREIGN KEY ("ToExperimentId") REFERENCES public."ExperimentTests"("Id") ON DELETE CASCADE;


--
-- Name: UserNavigationTimes FK_UserNavigationTimes_UserSettings_UserSettingId; Type: FK CONSTRAINT; Schema: public; Owner: root
--

ALTER TABLE ONLY public."UserNavigationTimes"
    ADD CONSTRAINT "FK_UserNavigationTimes_UserSettings_UserSettingId" FOREIGN KEY ("UserSettingId") REFERENCES public."UserSettings"("Id");


--
-- Name: UserNavigationTimes FK_UserNavigationTimes_Users_UserId; Type: FK CONSTRAINT; Schema: public; Owner: root
--

ALTER TABLE ONLY public."UserNavigationTimes"
    ADD CONSTRAINT "FK_UserNavigationTimes_Users_UserId" FOREIGN KEY ("UserId") REFERENCES public."Users"("Id") ON DELETE CASCADE;


--
-- Name: UserSettings FK_UserSettings_Users_UserId; Type: FK CONSTRAINT; Schema: public; Owner: root
--

ALTER TABLE ONLY public."UserSettings"
    ADD CONSTRAINT "FK_UserSettings_Users_UserId" FOREIGN KEY ("UserId") REFERENCES public."Users"("Id") ON DELETE CASCADE;


--
-- PostgreSQL database dump complete
--

